{
  "exo": {
    "x": 88743.8515625,
    "y": -101177.671875,
    "z": 16630.78125,
    "w": 1.52554389355227
  },
  "aq": {
    "x": 101967.25,
    "y": -82717.9453125,
    "z": 14401.5419921875,
    "w": -0.08504005992841024
  }
}