{
  "da": {
    "x": -116037,
    "y": 130698.84375,
    "z": 21002.443359375,
    "w": -0.019941750242513337
  }
}