{
  "1": {
    "x": 70355.546875,
    "y": 4081.811279296875,
    "z": -299.7500915527344,
    "w": 1.627745363545151
  },
  "2": {
    "x": 65562.1875,
    "y": 9590.42578125,
    "z": -43.42155456542969,
    "w": 1.852090053773426
  }
}