{
  "rope": {
    "x": -114898.984375,
    "y": 145564.015625,
    "z": 6012.7548828125,
    "w": 1.9071216145388235
  }
}