{
  "k1": {
    "x": 53618.140625,
    "y": 100516.3515625,
    "z": 14833.296875,
    "w": -1.1269006363004892
  },
  "kelsa": {
    "x": 49973.66015625,
    "y": 100103.9296875,
    "z": 14782.2578125,
    "w": 0.606689401608771
  },
  "kelsa2": {
    "x": 49991.1484375,
    "y": 100124.671875,
    "z": 14780.2578125,
    "w": -0.1787087617886772
  }
}