{
  "fa": {
    "x": 53637.78125,
    "y": 68723.6171875,
    "z": -11841.0400390625,
    "w": 0.2971129038536001
  }
}