{
  "rk1": {
    "x": -37702.94140625,
    "y": 53717.0625,
    "z": 0.25003814697265625,
    "w": 0
  },
  "rk2": {
    "x": -43966.078125,
    "y": 48739.26171875,
    "z": 0.25,
    "w": -3.119733427362423
  },
  "rk3": {
    "x": -32895.48828125,
    "y": 58862.5703125,
    "z": 0.24999618530273438,
    "w": 0.5410158491274171
  }
}