{
  "fa": {
    "x": 52726.05859375,
    "y": 84792.53125,
    "z": -11841.0390625,
    "w": 0.036240296113798275
  }
}