{
  "ph1": {
    "x": 40654.0859375,
    "y": -83969.6484375,
    "z": -176.54025268554688,
    "w": 0.926045026886713
  },
  "p2": {
    "x": 40632.22265625,
    "y": -83872.984375,
    "z": -176.54025268554688,
    "w": 0.19893813342891908
  },
  "a2": {
    "x": 38233.72265625,
    "y": -87104.09375,
    "z": -452.29998779296875,
    "w": -2.400296437844057
  }
}