{
  "1": {
    "x": 102248.390625,
    "y": 6554.0302734375,
    "z": 3404.32568359375,
    "w": -1.2340875438539982
  }
}