{
  "fish": {
    "x": 83355.8671875,
    "y": 66938.1875,
    "z": 1036.326171875,
    "w": -1.1334200546490032
  }
}