{
  "bug": {
    "x": -77409.4140625,
    "y": 28056.2578125,
    "z": -2524.35205078125,
    "w": -0.827199139867332
  }
}