{
  "123": {
    "x": 17443.546875,
    "y": 7506.04736328125,
    "z": 8623.7626953125,
    "w": -0.8263362756741464
  },
  "hw": {
    "x": 22596.103515625,
    "y": 6668.52490234375,
    "z": 10248.447265625,
    "w": -2.2323255415705794
  }
}