{
  "wh2": {
    "x": 20134.44140625,
    "y": -55601.74609375,
    "z": -451.7499694824219,
    "w": 1.6329225487042651
  }
}