{
  "1": {
    "x": -129313.8984375,
    "y": 100288.734375,
    "z": 2515.31640625,
    "w": 2.775354740482096
  },
  "2": {
    "x": -134834.265625,
    "y": 117764.3203125,
    "z": 28726.544921875,
    "w": -2.4981835868710096
  },
  "3": {
    "x": -131326.625,
    "y": 130140.5625,
    "z": 29004.73046875,
    "w": 1.1428156869748027
  }
}