{
  "1": {
    "x": 66063.6796875,
    "y": 38616.4375,
    "z": -9114.9873046875,
    "w": 0.11610317088309446
  },
  "11": {
    "x": 66075.8359375,
    "y": 38630.171875,
    "z": -9111.4765625,
    "w": 0.00671116594699968
  },
  "aaa": {
    "x": 66142.5078125,
    "y": 38635.01171875,
    "z": -9114.0361328125,
    "w": 3.099408181922938
  }
}