{
  "2": {
    "x": -115242.6328125,
    "y": 35019.2734375,
    "z": 1760.25,
    "w": 0.41992724068369425
  },
  "fi1": {
    "x": -118921.8515625,
    "y": 34431.0859375,
    "z": 1670.25,
    "w": 1.5843145324881387
  }
}