{
  "p3": {
    "x": -7121.97314453125,
    "y": -78563.34375,
    "z": 92.99554443359375,
    "w": 1.7631191680760587
  }
}